	ID	ScreenName
0	VK_97803804	97803804
1	VK_73555158	73555158
2	VK_155630933	155630933
3	VK_65606427	labra
4	VK_15173617	mitrofanova12
5	VK_98950709	98950709
6	VK_321512099	321512099
7	VK_82512790	dima_kozyrev
8	VK_52439149	anton_rigin
9	VK_20091008	hier_babuena_y_canela
10	VK_38096132	dashasakulina
11	VK_32003717	d_leontieva
12	VK_88475260	alex_sabelnikov
13	VK_55473678	svetlna.levi
14	VK_4597213	
15	VK_6568095	
16	VK_8611102	
17	VK_8944037	
18	VK_9927720	
19	VK_12779246	
20	VK_13725705	
21	VK_14312348	
22	VK_15325076	
23	VK_18668691	
24	VK_22043814	
25	VK_26213523	
26	VK_26722863	
27	VK_28183843	
28	VK_28780141	
29	VK_30562274	
30	VK_32500514	
31	VK_32603884	
32	VK_34244294	
33	VK_37662759	
34	VK_37905297	
35	VK_46415574	
36	VK_46610015	
37	VK_52122479	
38	VK_52826347	
39	VK_55090804	
40	VK_55315228	
41	VK_56205170	
42	VK_60937451	
43	VK_62509035	
44	VK_62723859	
45	VK_66368642	
46	VK_69370000	
47	VK_73926065	
48	VK_77221589	
49	VK_78715354	
50	VK_78917512	
51	VK_81231537	
52	VK_85024880	
53	VK_85806764	
54	VK_94737911	
55	VK_98755037	
56	VK_99287868	
57	VK_100199564	
58	VK_101253787	
59	VK_124345729	
60	VK_125376855	
61	VK_133488786	
62	VK_135713104	
63	VK_140683097	
64	VK_143372495	
65	VK_145558880	
66	VK_149119576	
67	VK_156291087	
68	VK_161337458	
69	VK_168173472	
70	VK_168267186	
71	VK_173777151	
72	VK_181207550	
73	VK_185033496	
74	VK_191023724	
75	VK_191548733	
76	VK_195507581	
77	VK_199875234	
78	VK_213108254	
79	VK_214669128	
80	VK_219900006	
81	VK_229297133	
82	VK_244266800	
83	VK_268051612	
84	VK_287087845	
85	VK_295251401	
86	VK_295302729	
87	VK_303309424	
88	VK_316310614	
89	VK_317187625	
90	VK_321132011	
91	VK_321695148	
92	VK_345920009	
93	VK_416602256	
94	VK_417133572	
95	VK_447828152	
96	VK_14603	
97	VK_369694	
98	VK_498989	
99	VK_1231116	
100	VK_1499191	
101	VK_1756709	
102	VK_2026037	
103	VK_2222642	
104	VK_2281615	
105	VK_3713091	
106	VK_4099762	
107	VK_5123566	
108	VK_5282865	
109	VK_5287685	
110	VK_5316703	
111	VK_5841712	
112	VK_7444312	
113	VK_7656877	
114	VK_8455359	
115	VK_8469928	
116	VK_8806386	
117	VK_9292673	
118	VK_9462843	
119	VK_9487550	
120	VK_9744644	
121	VK_10511792	
122	VK_10560855	
123	VK_10944358	
124	VK_11027143	
125	VK_11691365	
126	VK_11971162	
127	VK_12337166	
128	VK_12372562	
129	VK_12789442	
130	VK_12833408	
131	VK_13032017	
132	VK_14004335	
133	VK_14268041	
134	VK_14300552	
135	VK_14825074	
136	VK_15113412	
137	VK_16659781	
138	VK_16804706	
139	VK_16920959	
140	VK_16934135	
141	VK_17836194	
142	VK_18029692	
143	VK_18445389	
144	VK_18473276	
145	VK_18572146	
146	VK_19800527	
147	VK_20282669	
148	VK_21108097	
149	VK_21475372	
150	VK_21737084	
151	VK_21800086	
152	VK_22014918	
153	VK_22430514	
154	VK_22598348	
155	VK_22622648	
156	VK_23059097	
157	VK_23178853	
158	VK_23487055	
159	VK_24242355	
160	VK_25018870	
161	VK_25107445	
162	VK_25562542	
163	VK_26039139	
164	VK_26059879	
165	VK_26208055	
166	VK_26233510	
167	VK_26251799	
168	VK_26295259	
169	VK_26406653	
170	VK_26620040	
171	VK_27040385	
172	VK_27076725	
173	VK_27348700	
174	VK_27626455	
175	VK_27697970	
176	VK_27754074	
177	VK_27986002	
178	VK_28080473	
179	VK_28672358	
180	VK_29034545	
181	VK_29058854	
182	VK_29306212	
183	VK_29319270	
184	VK_30030489	
185	VK_30328083	
186	VK_30477149	
187	VK_30517495	
188	VK_31146009	
189	VK_31369335	
190	VK_31774116	
191	VK_31828295	
192	VK_32072374	
193	VK_32521768	
194	VK_33379308	
195	VK_34098716	
196	VK_35520781	
197	VK_35603714	
198	VK_35608892	
199	VK_35807789	
200	VK_35885609	
201	VK_35983989	
202	VK_36759428	
203	VK_36826373	
204	VK_36885353	
205	VK_37242400	
206	VK_38508497	
207	VK_39549796	
208	VK_39663468	
209	VK_40248266	
210	VK_40598221	
211	VK_41550979	
212	VK_41873879	
213	VK_42540885	
214	VK_43555697	
215	VK_45782678	
216	VK_46325601	
217	VK_48552297	
218	VK_48828184	
219	VK_49209129	
220	VK_49486411	
221	VK_49532498	
222	VK_49582757	
223	VK_49710432	
224	VK_50336874	
225	VK_50594195	
226	VK_51142493	
227	VK_51293266	
228	VK_51514347	
229	VK_51651241	
230	VK_51855111	
231	VK_52117468	
232	VK_52192157	
233	VK_52622258	
234	VK_52913898	
235	VK_53464842	
236	VK_54480628	
237	VK_55595856	
238	VK_55732193	
239	VK_55921868	
240	VK_58643986	
241	VK_58982691	
242	VK_59275832	
243	VK_60710910	
244	VK_60942569	
245	VK_61093370	
246	VK_61245082	
247	VK_61941234	
248	VK_62059581	
249	VK_63227708	
250	VK_63689753	
251	VK_64093778	
252	VK_64319937	
253	VK_65405332	
254	VK_65578959	
255	VK_66722414	
256	VK_67915346	
257	VK_69447492	
258	VK_69639397	
259	VK_70220904	
260	VK_70256269	
261	VK_71251406	
262	VK_71776419	
263	VK_71972214	
264	VK_72501474	
265	VK_75746246	
266	VK_76897001	
267	VK_78190821	
268	VK_79771768	
269	VK_80035247	
270	VK_80983604	
271	VK_82036319	
272	VK_82050069	
273	VK_82504841	
274	VK_82883484	
275	VK_84363467	
276	VK_84772248	
277	VK_84844651	
278	VK_84904983	
279	VK_85698148	
280	VK_87595695	
281	VK_87749173	
282	VK_88268330	
283	VK_88776237	
284	VK_91218175	
285	VK_93011910	
286	VK_94395769	
287	VK_97132407	
288	VK_97702039	
289	VK_97776771	
290	VK_99712228	
291	VK_101178290	
292	VK_101608248	
293	VK_107512450	
294	VK_107726354	
295	VK_108861918	
296	VK_110604302	
297	VK_111043193	
298	VK_111057848	
299	VK_111474139	
300	VK_111972779	
301	VK_113695155	
302	VK_118088948	
303	VK_120705735	
304	VK_121922530	
305	VK_122548237	
306	VK_123587554	
307	VK_124076280	
308	VK_126176921	
309	VK_128108051	
310	VK_131551164	
311	VK_131554196	
312	VK_131898002	
313	VK_132018500	
314	VK_132325545	
315	VK_133110524	
316	VK_134559289	
317	VK_134910844	
318	VK_136247067	
319	VK_136814217	
320	VK_137080926	
321	VK_137808906	
322	VK_138611309	
323	VK_140011251	
324	VK_140576822	
325	VK_140670158	
326	VK_140864463	
327	VK_142263921	
328	VK_142500968	
329	VK_142841248	
330	VK_143020670	
331	VK_143231293	
332	VK_145303122	
333	VK_145369359	
334	VK_146260315	
335	VK_147775015	
336	VK_147933676	
337	VK_151211048	
338	VK_151537425	
339	VK_151778152	
340	VK_154075915	
341	VK_155537056	
342	VK_156317275	
343	VK_157156692	
344	VK_157968473	
345	VK_160604916	
346	VK_162810781	
347	VK_167134293	
348	VK_168884916	
349	VK_170562538	
350	VK_172179144	
351	VK_178152838	
352	VK_180656991	
353	VK_183550811	
354	VK_184084705	
355	VK_188021356	
356	VK_189283925	
357	VK_194460489	
358	VK_197021200	
359	VK_197704025	
360	VK_201182825	
361	VK_201268591	
362	VK_203938051	
363	VK_207635511	
364	VK_208886345	
365	VK_209076925	
366	VK_209233927	
367	VK_209903492	
368	VK_211438634	
369	VK_214033439	
370	VK_216107157	
371	VK_216816396	
372	VK_218338850	
373	VK_220042911	
374	VK_222580894	
375	VK_223291174	
376	VK_226875697	
377	VK_227566136	
378	VK_229627462	
379	VK_234171334	
380	VK_234916396	
381	VK_240901991	
382	VK_241255837	
383	VK_241569101	
384	VK_244508907	
385	VK_254923667	
386	VK_264735168	
387	VK_266282765	
388	VK_279361808	
389	VK_302334013	
390	VK_306161862	
391	VK_307520364	
392	VK_310939394	
393	VK_311093804	
394	VK_316441322	
395	VK_317231592	
396	VK_317809225	
397	VK_319683062	
398	VK_322335204	
399	VK_323605837	
400	VK_324031973	
401	VK_331009593	
402	VK_332612939	
403	VK_382481084	
404	VK_387797072	
405	VK_436852568	
406	VK_479099183	
407	VK_515420585	
408	VK_553491	
409	VK_743152	
410	VK_906879	
411	VK_1385813	
412	VK_1390600	
413	VK_1551670	
414	VK_1596791	
415	VK_1649555	
416	VK_2027798	
417	VK_3538088	
418	VK_3689125	
419	VK_3778462	
420	VK_3800836	
421	VK_4178793	
422	VK_4483765	
423	VK_4956804	
424	VK_5402135	
425	VK_5889149	
426	VK_6036574	
427	VK_6284913	
428	VK_6534138	
429	VK_7481053	
430	VK_7488788	
431	VK_9285101	
432	VK_10759804	
433	VK_11475074	
434	VK_11754531	
435	VK_12344367	
436	VK_13969802	
437	VK_14727261	
438	VK_14753702	
439	VK_15564776	
440	VK_18520314	
441	VK_19349710	
442	VK_20564674	
443	VK_21441425	
444	VK_21510079	
445	VK_21594043	
446	VK_21608756	
447	VK_23460470	
448	VK_26518583	
449	VK_28929682	
450	VK_29093721	
451	VK_31162482	
452	VK_32483967	
453	VK_37022740	
454	VK_41404824	
455	VK_41831128	
456	VK_44426435	
457	VK_44730029	
458	VK_47668236	
459	VK_49498338	
460	VK_49606220	
461	VK_50079190	
462	VK_50738982	
463	VK_52851439	
464	VK_54805147	
465	VK_55278550	
466	VK_56337756	
467	VK_57621451	
468	VK_59203890	
469	VK_59799879	
470	VK_59808904	
471	VK_59834483	
472	VK_67166380	
473	VK_71121465	
474	VK_71320629	
475	VK_72588895	
476	VK_74783439	
477	VK_75242559	
478	VK_76198994	
479	VK_77056911	
480	VK_81122752	
481	VK_82323061	
482	VK_85130250	
483	VK_91898579	
484	VK_92714751	
485	VK_95387814	
486	VK_98549285	
487	VK_106234800	
488	VK_107165746	
489	VK_107884639	
490	VK_111203634	
491	VK_117800283	
492	VK_135383193	
493	VK_135398720	
494	VK_136150514	
495	VK_139364865	
496	VK_145762347	
497	VK_150608313	
498	VK_151872325	
499	VK_155193107	
500	VK_155487471	
501	VK_157691573	
502	VK_160522462	
503	VK_161160098	
504	VK_161207293	
505	VK_163508418	
506	VK_171956519	
507	VK_174290882	
508	VK_177191526	
509	VK_178244932	
510	VK_178993393	
511	VK_180573898	
512	VK_181400651	
513	VK_181583314	
514	VK_182590415	
515	VK_184695276	
516	VK_187614250	
517	VK_193708467	
518	VK_195130723	
519	VK_200027145	
520	VK_203655880	
521	VK_206909582	
522	VK_208938260	
523	VK_210844911	
524	VK_212809892	
525	VK_213032586	
526	VK_214438865	
527	VK_219000694	
528	VK_221402199	
529	VK_235212983	
530	VK_243764663	
531	VK_250566180	
532	VK_267103407	
533	VK_267843298	
534	VK_268061579	
535	VK_271196275	
536	VK_273099128	
537	VK_278658116	
538	VK_284993968	
539	VK_295031805	
540	VK_319646475	
541	VK_322486584	
542	VK_324894554	
543	VK_336323469	
544	VK_344970638	
545	VK_377611567	
546	VK_377960025	
547	VK_380906462	
548	VK_383041790	
549	VK_385455790	
550	VK_400978758	
551	VK_422490911	
552	VK_456541265	
553	VK_457686051	
554	VK_458962970	
555	VK_464053841	
556	VK_488259154	
557	VK_523474917	
558	VK_552224025	
559	VK_559563822	
560	VK_559628001	
561	VK_560198967	
562	VK_560506807	
563	VK_563880727	
564	VK_582955117	
565	VK_158636	
566	VK_1045009	
567	VK_1835793	
568	VK_2031890	
569	VK_2055904	
570	VK_2165706	
571	VK_2202725	
572	VK_2447000	
573	VK_2729671	
574	VK_3297817	
575	VK_3318158	
576	VK_3675410	
577	VK_3702508	
578	VK_4130506	
579	VK_5127383	
580	VK_5265923	
581	VK_5324086	
582	VK_5451412	
583	VK_5623466	
584	VK_5693961	
585	VK_5831595	
586	VK_6163900	
587	VK_6394325	
588	VK_6416755	
589	VK_6637342	
590	VK_6803141	
591	VK_6873352	
592	VK_6934546	
593	VK_7124164	
594	VK_7164303	
595	VK_7593030	
596	VK_7627848	
597	VK_8104438	
598	VK_8235215	
599	VK_8432687	
600	VK_8437964	
601	VK_8481235	
602	VK_8482831	
603	VK_8725752	
604	VK_9077358	
605	VK_9300226	
606	VK_10032792	
607	VK_10418838	
608	VK_10565106	
609	VK_10857030	
610	VK_10897734	
611	VK_11314166	
612	VK_11377039	
613	VK_11431980	
614	VK_11541081	
615	VK_11758244	
616	VK_12091633	
617	VK_13118134	
618	VK_13280467	
619	VK_14301563	
620	VK_14437878	
621	VK_14507734	
622	VK_14666092	
623	VK_15031522	
624	VK_15569586	
625	VK_15584888	
626	VK_15707191	
627	VK_15822424	
628	VK_15833611	
629	VK_16282586	
630	VK_16346858	
631	VK_16483718	
632	VK_16720929	
633	VK_16808633	
634	VK_16962411	
635	VK_17173017	
636	VK_17383999	
637	VK_17411802	
638	VK_17958439	
639	VK_18279280	
640	VK_18312036	
641	VK_18524948	
642	VK_18534333	
643	VK_18746180	
644	VK_18749491	
645	VK_18772283	
646	VK_18776214	
647	VK_19323534	
648	VK_19528233	
649	VK_19633415	
650	VK_19722388	
651	VK_19766569	
652	VK_19788711	
653	VK_19846711	
654	VK_19931839	
655	VK_20214206	
656	VK_20284642	
657	VK_20743645	
658	VK_20855247	
659	VK_20872112	
660	VK_20880995	
661	VK_21031981	
662	VK_21198901	
663	VK_21219081	
664	VK_21477540	
665	VK_21478835	
666	VK_21716878	
667	VK_21801556	
668	VK_21814795	
669	VK_22253249	
670	VK_22369996	
671	VK_22399198	
672	VK_22450499	
673	VK_22492984	
674	VK_22829140	
675	VK_22838154	
676	VK_22848158	
677	VK_23130332	
678	VK_23184222	
679	VK_23206266	
680	VK_23869005	
681	VK_24019761	
682	VK_24292093	
683	VK_24295372	
684	VK_24677709	
685	VK_24713167	
686	VK_24961894	
687	VK_25307326	
688	VK_25568291	
689	VK_25612693	
690	VK_25779501	
691	VK_26234677	
692	VK_26772779	
693	VK_26792139	
694	VK_27184641	
695	VK_27335776	
696	VK_27720942	
697	VK_28164503	
698	VK_28616494	
699	VK_28669984	
700	VK_28720942	
701	VK_28781792	
702	VK_28887828	
703	VK_30223880	
704	VK_30325307	
705	VK_30335439	
706	VK_30473022	
707	VK_30473452	
708	VK_30487961	
709	VK_30532039	
710	VK_30542600	
711	VK_30578002	
712	VK_30870704	
713	VK_31103084	
714	VK_31313062	
715	VK_31644817	
716	VK_31717607	
717	VK_32052522	
718	VK_32076925	
719	VK_32136185	
720	VK_32272838	
721	VK_32285276	
722	VK_32627261	
723	VK_32886817	
724	VK_33071282	
725	VK_33794984	
726	VK_33981221	
727	VK_33985032	
728	VK_34331041	
729	VK_34752313	
730	VK_34852423	
731	VK_34885065	
732	VK_35692498	
733	VK_36070372	
734	VK_36178260	
735	VK_36455975	
736	VK_36552558	
737	VK_36651356	
738	VK_36881680	
739	VK_37382494	
740	VK_37503910	
741	VK_37529037	
742	VK_37908706	
743	VK_38076783	
744	VK_38122479	
745	VK_38168886	
746	VK_38554068	
747	VK_38703143	
748	VK_39118243	
749	VK_39293444	
750	VK_39436571	
751	VK_39491448	
752	VK_39848208	
753	VK_40004965	
754	VK_40161546	
755	VK_41066047	
756	VK_41691612	
757	VK_42117036	
758	VK_42476042	
759	VK_43288225	
760	VK_43434014	
761	VK_44529353	
762	VK_44566437	
763	VK_44817219	
764	VK_45672230	
765	VK_46617220	
766	VK_47116815	
767	VK_47698211	
768	VK_47812502	
769	VK_48572311	
770	VK_48904161	
771	VK_49028999	
772	VK_49226421	
773	VK_49873533	
774	VK_49915195	
775	VK_50284715	
776	VK_50326566	
777	VK_50511584	
778	VK_51956357	
779	VK_52237379	
780	VK_52524300	
781	VK_52707846	
782	VK_52826646	
783	VK_52860373	
784	VK_52921106	
785	VK_52957293	
786	VK_53624907	
787	VK_54691791	
788	VK_54800168	
789	VK_54906275	
790	VK_55425196	
791	VK_55513505	
792	VK_56144594	
793	VK_56215724	
794	VK_56599523	
795	VK_56840775	
796	VK_58757858	
797	VK_58929912	
798	VK_59187765	
799	VK_59986238	
800	VK_61408240	
801	VK_61922698	
802	VK_64192123	
803	VK_66224531	
804	VK_67182915	
805	VK_67776309	
806	VK_68412386	
807	VK_69284843	
808	VK_69926301	
809	VK_70102061	
810	VK_70260264	
811	VK_71967690	
812	VK_73530321	
813	VK_74058713	
814	VK_74079303	
815	VK_74221707	
816	VK_74406034	
817	VK_75291116	
818	VK_75297539	
819	VK_75730636	
820	VK_77574987	
821	VK_77859120	
822	VK_78745675	
823	VK_79679283	
824	VK_82895447	
825	VK_82990441	
826	VK_84506684	
827	VK_85575737	
828	VK_85690040	
829	VK_86268778	
830	VK_86428469	
831	VK_87556848	
832	VK_87659298	
833	VK_87767227	
834	VK_90296241	
835	VK_92615099	
836	VK_92701960	
837	VK_92778555	
838	VK_94673535	
839	VK_95316912	
840	VK_95435444	
841	VK_95648803	
842	VK_96120811	
843	VK_96496139	
844	VK_97415208	
845	VK_97508682	
846	VK_97518286	
847	VK_99556970	
848	VK_102028258	
849	VK_103780891	
850	VK_104703987	
851	VK_106198266	
852	VK_110365163	
853	VK_111923685	
854	VK_114480087	
855	VK_116120043	
856	VK_116631474	
857	VK_118963303	
858	VK_119581418	
859	VK_120204735	
860	VK_121341126	
861	VK_122139962	
862	VK_122526230	
863	VK_122692234	
864	VK_126322766	
865	VK_126775926	
866	VK_133347196	
867	VK_133814987	
868	VK_133980332	
869	VK_134997845	
870	VK_135707955	
871	VK_135910842	
872	VK_136241212	
873	VK_138123065	
874	VK_139236841	
875	VK_139749859	
876	VK_139753192	
877	VK_140600822	
878	VK_140691422	
879	VK_142783053	
880	VK_144702728	
881	VK_145674458	
882	VK_146540129	
883	VK_146885604	
884	VK_146898468	
885	VK_147619541	
886	VK_147662731	
887	VK_150350401	
888	VK_150824656	
889	VK_151500561	
890	VK_152487654	
891	VK_153629156	
892	VK_153684673	
893	VK_154090081	
894	VK_157250675	
895	VK_157693632	
896	VK_161747850	
897	VK_162971191	
898	VK_164671940	
899	VK_165219657	
900	VK_165590486	
901	VK_165709340	
902	VK_165984453	
903	VK_170522669	
904	VK_173529726	
905	VK_173780739	
906	VK_175757415	
907	VK_180519078	
908	VK_181335965	
909	VK_182129118	
910	VK_182800429	
911	VK_183510707	
912	VK_184532587	
913	VK_186276941	
914	VK_187184018	
915	VK_187628202	
916	VK_192791324	
917	VK_194334193	
918	VK_194660366	
919	VK_195828505	
920	VK_220344241	
921	VK_222505526	
922	VK_224286620	
923	VK_226607016	
924	VK_226837423	
925	VK_237626146	
926	VK_247830037	
927	VK_248595345	
928	VK_249139384	
929	VK_252064505	
930	VK_254077337	
931	VK_258071997	
932	VK_258590196	
933	VK_262773279	
934	VK_263034929	
935	VK_270536444	
936	VK_271022490	
937	VK_271272533	
938	VK_279883874	
939	VK_281760766	
940	VK_286976469	
941	VK_287244140	
942	VK_288324625	
943	VK_289233646	
944	VK_290695668	
945	VK_291559798	
946	VK_307496144	
947	VK_311647451	
948	VK_318917805	
949	VK_321807324	
950	VK_321938787	
951	VK_322307249	
952	VK_324017897	
953	VK_342430376	
954	VK_372364533	
955	VK_390096835	
956	VK_406787989	
957	VK_413054883	
958	VK_416552384	
959	VK_423372498	
960	VK_425738494	
961	VK_435980375	
962	VK_471759207	
963	VK_506668976	
964	VK_515246176	
965	VK_583169373	
966	VK_4766099	
967	VK_5227712	
968	VK_11047376	
969	VK_11079816	
970	VK_14492163	
971	VK_15318658	
972	VK_15537634	
973	VK_20039762	
974	VK_20389327	
975	VK_20682010	
976	VK_22653909	
977	VK_23387248	
978	VK_24932811	
979	VK_26506145	
980	VK_26615965	
981	VK_27183099	
982	VK_29203361	
983	VK_30229819	
984	VK_30668712	
985	VK_32142356	
986	VK_35689226	
987	VK_36530173	
988	VK_36752287	
989	VK_37400496	
990	VK_38120666	
991	VK_39085816	
992	VK_39192091	
993	VK_39296573	
994	VK_39801310	
995	VK_39949519	
996	VK_40095418	
997	VK_41835869	
998	VK_43456597	
999	VK_45340416	
1000	VK_46027631	
1001	VK_46321791	
1002	VK_47913993	
1003	VK_51654009	
1004	VK_52246082	
1005	VK_52322389	
1006	VK_53148383	
1007	VK_53387911	
1008	VK_54769218	
1009	VK_55645388	
1010	VK_56147165	
1011	VK_56329050	
1012	VK_57863353	
1013	VK_60706620	
1014	VK_62381155	
1015	VK_64013294	
1016	VK_64592950	
1017	VK_65439207	
1018	VK_67879745	
1019	VK_68377273	
1020	VK_68916441	
1021	VK_69416679	
1022	VK_70339848	
1023	VK_71326539	
1024	VK_72091923	
1025	VK_72331908	
1026	VK_73252139	
1027	VK_74343937	
1028	VK_75412280	
1029	VK_78876372	
1030	VK_81160540	
1031	VK_84165437	
1032	VK_84870459	
1033	VK_85463829	
1034	VK_86252398	
1035	VK_86579779	
1036	VK_88437070	
1037	VK_88718131	
1038	VK_88755513	
1039	VK_88799097	
1040	VK_88990839	
1041	VK_93085778	
1042	VK_93967913	
1043	VK_96347453	
1044	VK_96741432	
1045	VK_96942764	
1046	VK_98461782	
1047	VK_98968878	
1048	VK_99656835	
1049	VK_101329637	
1050	VK_102047657	
1051	VK_104956458	
1052	VK_105553290	
1053	VK_105758554	
1054	VK_107497827	
1055	VK_109014993	
1056	VK_109569561	
1057	VK_112803053	
1058	VK_114004907	
1059	VK_117696590	
1060	VK_118839093	
1061	VK_124353260	
1062	VK_124708350	
1063	VK_129376006	
1064	VK_131997543	
1065	VK_133619804	
1066	VK_136022808	
1067	VK_136089842	
1068	VK_137118303	
1069	VK_137823748	
1070	VK_138043138	
1071	VK_139143203	
1072	VK_139154142	
1073	VK_140978536	
1074	VK_141213476	
1075	VK_145007558	
1076	VK_145448999	
1077	VK_146178170	
1078	VK_146190599	
1079	VK_149543028	
1080	VK_151224128	
1081	VK_152738959	
1082	VK_153463640	
1083	VK_153635074	
1084	VK_154714445	
1085	VK_160058946	
1086	VK_171795415	
1087	VK_173465541	
1088	VK_174438653	
1089	VK_174806566	
1090	VK_178631993	
1091	VK_179843908	
1092	VK_180295235	
1093	VK_181030623	
1094	VK_181723487	
1095	VK_182560570	
1096	VK_185362653	
1097	VK_186945417	
1098	VK_190518706	
1099	VK_192465791	
1100	VK_196010914	
1101	VK_203040019	
1102	VK_211600880	
1103	VK_212196511	
1104	VK_216067862	
1105	VK_218477213	
1106	VK_223479457	
1107	VK_232428460	
1108	VK_237585704	
1109	VK_248624033	
1110	VK_260407599	
1111	VK_261985619	
1112	VK_262247770	
1113	VK_266956374	
1114	VK_274969897	
1115	VK_287787487	
1116	VK_300245628	
1117	VK_306942705	
1118	VK_307315065	
1119	VK_308917697	
1120	VK_308983857	
1121	VK_322983572	
1122	VK_332852623	
1123	VK_343900305	
1124	VK_419114633	
1125	VK_438551016	
1126	VK_475826755	
1127	VK_569485435	
1128	VK_11698	
1129	VK_24222	
1130	VK_55372	
1131	VK_83749	
1132	VK_85674	
1133	VK_113303	
1134	VK_345568	
1135	VK_433161	
1136	VK_461849	
1137	VK_559543	
1138	VK_1152865	
1139	VK_1282452	
1140	VK_1761070	
1141	VK_1793220	
1142	VK_2333720	
1143	VK_2719014	
1144	VK_2725228	
1145	VK_3132366	
1146	VK_3329812	
1147	VK_3483351	
1148	VK_3567720	
1149	VK_4123926	
1150	VK_5463161	
1151	VK_6075214	
1152	VK_6149863	
1153	VK_6233788	
1154	VK_6581510	
1155	VK_6747279	
1156	VK_7736629	
1157	VK_8021932	
1158	VK_9310463	
1159	VK_9335824	
1160	VK_9526027	
1161	VK_9704485	
1162	VK_10153750	
1163	VK_11535654	
1164	VK_12792712	
1165	VK_13459869	
1166	VK_13526408	
1167	VK_16474887	
1168	VK_16723211	
1169	VK_17230043	
1170	VK_17602066	
1171	VK_17846697	
1172	VK_17937105	
1173	VK_18123132	
1174	VK_18411652	
1175	VK_18733250	
1176	VK_19054598	
1177	VK_19110127	
1178	VK_19622263	
1179	VK_20025961	
1180	VK_20101338	
1181	VK_20392246	
1182	VK_20854628	
1183	VK_20937086	
1184	VK_20949417	
1185	VK_21896850	
1186	VK_22268297	
1187	VK_22316875	
1188	VK_23937771	
1189	VK_24813981	
1190	VK_25059000	
1191	VK_26705817	
1192	VK_27267317	
1193	VK_29500217	
1194	VK_29576912	
1195	VK_30831025	
1196	VK_31183071	
1197	VK_32543846	
1198	VK_33916910	
1199	VK_34364479	
1200	VK_37401728	
1201	VK_37605375	
1202	VK_37868144	
1203	VK_38375302	
1204	VK_38969825	
1205	VK_38992964	
1206	VK_41061361	
1207	VK_46969677	
1208	VK_48311607	
1209	VK_49281258	
1210	VK_49431183	
1211	VK_50039401	
1212	VK_50505685	
1213	VK_52339633	
1214	VK_56879789	
1215	VK_62894470	
1216	VK_63550527	
1217	VK_65162499	
1218	VK_66364421	
1219	VK_68066494	
1220	VK_68415312	
1221	VK_70287695	
1222	VK_77833721	
1223	VK_78616406	
1224	VK_81002360	
1225	VK_81378602	
1226	VK_81802945	
1227	VK_81820181	
1228	VK_82208335	
1229	VK_83987318	
1230	VK_84730628	
1231	VK_87104934	
1232	VK_90118240	
1233	VK_93026927	
1234	VK_93376842	
1235	VK_95335890	
1236	VK_95581774	
1237	VK_99352215	
1238	VK_101262744	
1239	VK_104645416	
1240	VK_105205570	
1241	VK_105814275	
1242	VK_108442335	
1243	VK_112083743	
1244	VK_116044237	
1245	VK_122708288	
1246	VK_124518396	
1247	VK_124532952	
1248	VK_126634745	
1249	VK_135960024	
1250	VK_140512072	
1251	VK_144144243	
1252	VK_146898787	
1253	VK_150391260	
1254	VK_153583192	
1255	VK_160501191	
1256	VK_162175975	
1257	VK_169319766	
1258	VK_170727970	
1259	VK_179362621	
1260	VK_181018321	
1261	VK_186757313	
1262	VK_190311096	
1263	VK_199287174	
1264	VK_208390491	
1265	VK_210661973	
1266	VK_216815362	
1267	VK_225402233	
1268	VK_229707717	
1269	VK_253443827	
1270	VK_256251363	
1271	VK_275223726	
1272	VK_278800117	
1273	VK_287998194	
1274	VK_301432152	
1275	VK_320579383	
1276	VK_320912752	
1277	VK_324031609	
1278	VK_325046408	
1279	VK_325703986	
1280	VK_332155251	
1281	VK_375224381	
1282	VK_381718094	
1283	VK_402921296	
1284	VK_482738039	
1285	VK_513206092	
1286	VK_550563672	
1287	VK_559285344	
1288	VK_17413	
1289	VK_25814	
1290	VK_97723	
1291	VK_125069	
1292	VK_127387	
1293	VK_132319	
1294	VK_231043	
1295	VK_239100	
1296	VK_253085	
1297	VK_263289	
1298	VK_401966	
1299	VK_446806	
1300	VK_553196	
1301	VK_1049199	
1302	VK_1051881	
1303	VK_1179614	
1304	VK_1413423	
1305	VK_1511262	
1306	VK_1643642	
1307	VK_1644847	
1308	VK_1970505	
1309	VK_2081439	
1310	VK_2520315	
1311	VK_2523031	
1312	VK_2552481	
1313	VK_2583221	
1314	VK_2841963	
1315	VK_2850567	
1316	VK_2872256	
1317	VK_3223165	
1318	VK_3507048	
1319	VK_3809201	
1320	VK_3879618	
1321	VK_3954789	
1322	VK_3958533	
1323	VK_4178095	
1324	VK_4820275	
1325	VK_5013235	
1326	VK_5108905	
1327	VK_5219032	
1328	VK_5469195	
1329	VK_5635270	
1330	VK_5772819	
1331	VK_5932153	
1332	VK_5965730	
1333	VK_6086056	
1334	VK_6153916	
1335	VK_6291182	
1336	VK_6380879	
1337	VK_6440658	
1338	VK_6454605	
1339	VK_6524355	
1340	VK_6692247	
1341	VK_7269774	
1342	VK_7479438	
1343	VK_7485256	
1344	VK_7719852	
1345	VK_7760561	
1346	VK_7862914	
1347	VK_8081808	
1348	VK_8154145	
1349	VK_8405773	
1350	VK_8472866	
1351	VK_8724331	
1352	VK_8830379	
1353	VK_8968074	
1354	VK_9165722	
1355	VK_9298558	
1356	VK_9695601	
1357	VK_9696180	
1358	VK_9804865	
1359	VK_9937527	
1360	VK_10023773	
1361	VK_10122477	
1362	VK_10227794	
1363	VK_10263291	
1364	VK_10385049	
1365	VK_10463524	
1366	VK_10492218	
1367	VK_10746007	
1368	VK_11160776	
1369	VK_11190617	
1370	VK_11221288	
1371	VK_11522035	
1372	VK_11697409	
1373	VK_12038029	
1374	VK_12117372	
1375	VK_12162034	
1376	VK_12946579	
1377	VK_12988763	
1378	VK_13473577	
1379	VK_13608570	
1380	VK_13892671	
1381	VK_13965101	
1382	VK_14094201	
1383	VK_14157759	
1384	VK_14280429	
1385	VK_14649472	
1386	VK_14817381	
1387	VK_15571139	
1388	VK_15644316	
1389	VK_15679994	
1390	VK_16273520	
1391	VK_16500601	
1392	VK_16503436	
1393	VK_16512175	
1394	VK_16635523	
1395	VK_16825959	
1396	VK_16831176	
1397	VK_17295602	
1398	VK_17411407	
1399	VK_17462919	
1400	VK_17905974	
1401	VK_18558552	
1402	VK_18645129	
1403	VK_18731950	
1404	VK_18743648	
1405	VK_18750618	
1406	VK_19190015	
1407	VK_19234219	
1408	VK_19270188	
1409	VK_19354308	
1410	VK_19355325	
1411	VK_19751769	
1412	VK_19873425	
1413	VK_20057411	
1414	VK_20290087	
1415	VK_20642951	
1416	VK_21328381	
1417	VK_21388234	
1418	VK_21879493	
1419	VK_22028511	
1420	VK_22229809	
1421	VK_22331736	
1422	VK_22656638	
1423	VK_22698341	
1424	VK_22716402	
1425	VK_23268563	
1426	VK_23286504	
1427	VK_23555478	
1428	VK_23961762	
1429	VK_24199182	
1430	VK_25232674	
1431	VK_26079225	
1432	VK_26536799	
1433	VK_26617740	
1434	VK_26693069	
1435	VK_26900449	
1436	VK_27001246	
1437	VK_27064903	
1438	VK_27094302	
1439	VK_27812630	
1440	VK_28058382	
1441	VK_28544816	
1442	VK_28624978	
1443	VK_29147727	
1444	VK_29303539	
1445	VK_29307693	
1446	VK_29312180	
1447	VK_29559302	
1448	VK_29838041	
1449	VK_29883012	
1450	VK_30209742	
1451	VK_31040231	
1452	VK_31150912	
1453	VK_31745978	
1454	VK_31862158	
1455	VK_31909428	
1456	VK_32337687	
1457	VK_32350662	
1458	VK_32369122	
1459	VK_32496686	
1460	VK_33882008	
1461	VK_33952736	
1462	VK_33970888	
1463	VK_34346573	
1464	VK_34462081	
1465	VK_34567975	
1466	VK_35600462	
1467	VK_35801574	
1468	VK_36022198	
1469	VK_36073493	
1470	VK_36827405	
1471	VK_37064648	
1472	VK_38481363	
1473	VK_38533831	
1474	VK_38729736	
1475	VK_38868953	
1476	VK_39942747	
1477	VK_40142131	
1478	VK_40232864	
1479	VK_40623731	
1480	VK_40661717	
1481	VK_40662406	
1482	VK_40966532	
1483	VK_41096807	
1484	VK_42272710	
1485	VK_42599940	
1486	VK_43585666	
1487	VK_43644073	
1488	VK_44823548	
1489	VK_45625850	
1490	VK_46221373	
1491	VK_46277334	
1492	VK_47273258	
1493	VK_48043626	
1494	VK_48411326	
1495	VK_48491596	
1496	VK_48516083	
1497	VK_48880128	
1498	VK_49237192	
1499	VK_49253612	
1500	VK_49388517	
1501	VK_49394219	
1502	VK_49395864	
1503	VK_49441334	
1504	VK_49870011	
1505	VK_50061570	
1506	VK_50287495	
1507	VK_50292430	
1508	VK_50419878	
1509	VK_50694806	
1510	VK_50764182	
1511	VK_50878642	
1512	VK_50950900	
1513	VK_51038173	
1514	VK_51058092	
1515	VK_51225819	
1516	VK_52201894	
1517	VK_52269471	
1518	VK_53196506	
1519	VK_53381849	
1520	VK_53658666	
1521	VK_53680488	
1522	VK_53870701	
1523	VK_55081737	
1524	VK_55082498	
1525	VK_55190741	
1526	VK_55297827	
1527	VK_55353940	
1528	VK_55437045	
1529	VK_55814083	
1530	VK_56563535	
1531	VK_56841498	
1532	VK_57014299	
1533	VK_57327561	
1534	VK_57544995	
1535	VK_58116219	
1536	VK_58346597	
1537	VK_58369533	
1538	VK_58539106	
1539	VK_58714986	
1540	VK_58878449	
1541	VK_58977983	
1542	VK_59117274	
1543	VK_59830377	
1544	VK_60708802	
1545	VK_60837691	
1546	VK_60950939	
1547	VK_61738408	
1548	VK_62406110	
1549	VK_62616908	
1550	VK_62715136	
1551	VK_64165556	
1552	VK_64334314	
1553	VK_64544582	
1554	VK_64582384	
1555	VK_64712499	
1556	VK_65038565	
1557	VK_65434434	
1558	VK_65906676	
1559	VK_66173550	
1560	VK_66331332	
1561	VK_66453471	
1562	VK_66897081	
1563	VK_66966366	
1564	VK_67380863	
1565	VK_67911504	
1566	VK_68658577	
1567	VK_69121824	
1568	VK_69147915	
1569	VK_69440905	
1570	VK_69694062	
1571	VK_69825487	
1572	VK_69849671	
1573	VK_70677827	
1574	VK_70683219	
1575	VK_70739665	
1576	VK_71944222	
1577	VK_72792807	
1578	VK_73035028	
1579	VK_73994458	
1580	VK_74251219	
1581	VK_74551170	
1582	VK_75679623	
1583	VK_76221132	
1584	VK_76572515	
1585	VK_77476781	
1586	VK_77487306	
1587	VK_77941757	
1588	VK_78090259	
1589	VK_78847917	
1590	VK_78957114	
1591	VK_79159338	
1592	VK_79214862	
1593	VK_79750907	
1594	VK_80411754	
1595	VK_80821050	
1596	VK_81654841	
1597	VK_81670259	
1598	VK_81973798	
1599	VK_82546455	
1600	VK_83574749	
1601	VK_83582849	
1602	VK_83940090	
1603	VK_84511678	
1604	VK_84594767	
1605	VK_84619630	
1606	VK_84795172	
1607	VK_84871896	
1608	VK_85438845	
1609	VK_85829171	
1610	VK_87186193	
1611	VK_87560958	
1612	VK_87680998	
1613	VK_88523972	
1614	VK_90045001	
1615	VK_91660352	
1616	VK_92081431	
1617	VK_92495314	
1618	VK_92627969	
1619	VK_92679212	
1620	VK_92883168	
1621	VK_93874934	
1622	VK_94235790	
1623	VK_94524182	
1624	VK_94762087	
1625	VK_96112076	
1626	VK_96374339	
1627	VK_96607522	
1628	VK_96644389	
1629	VK_97253556	
1630	VK_97696412	
1631	VK_98005945	
1632	VK_99471476	
1633	VK_99477807	
1634	VK_100342181	
1635	VK_100561616	
1636	VK_101931837	
1637	VK_102228135	
1638	VK_102666336	
1639	VK_102983187	
1640	VK_103029926	
1641	VK_103179810	
1642	VK_103416643	
1643	VK_103935061	
1644	VK_104541446	
1645	VK_105320929	
1646	VK_105394244	
1647	VK_105522823	
1648	VK_105820981	
1649	VK_105872275	
1650	VK_105896902	
1651	VK_106122171	
1652	VK_106522186	
1653	VK_107314732	
1654	VK_107894587	
1655	VK_109834586	
1656	VK_110245879	
1657	VK_110248399	
1658	VK_110372066	
1659	VK_110385884	
1660	VK_112376838	
1661	VK_113105730	
1662	VK_113617356	
1663	VK_113648008	
1664	VK_115463170	
1665	VK_118813740	
1666	VK_119013901	
1667	VK_119746790	
1668	VK_121691886	
1669	VK_123915520	
1670	VK_124096436	
1671	VK_124124140	
1672	VK_124466671	
1673	VK_124937278	
1674	VK_125676129	
1675	VK_126815087	
1676	VK_130589141	
1677	VK_130864452	
1678	VK_131622376	
1679	VK_132279500	
1680	VK_133033733	
1681	VK_133600979	
1682	VK_133918858	
1683	VK_134241929	
1684	VK_135212309	
1685	VK_136346766	
1686	VK_136643857	
1687	VK_136673203	
1688	VK_136808019	
1689	VK_137060548	
1690	VK_137397931	
1691	VK_137945578	
1692	VK_138710567	
1693	VK_139807786	
1694	VK_140869997	
1695	VK_141007917	
1696	VK_141871918	
1697	VK_142882061	
1698	VK_143077741	
1699	VK_143790697	
1700	VK_143975301	
1701	VK_144736390	
1702	VK_145605995	
1703	VK_145987787	
1704	VK_146082087	
1705	VK_147002560	
1706	VK_147513893	
1707	VK_147539518	
1708	VK_147609883	
1709	VK_150738036	
1710	VK_151104628	
1711	VK_151408328	
1712	VK_151937387	
1713	VK_153565597	
1714	VK_153742091	
1715	VK_154553282	
1716	VK_155240267	
1717	VK_155273921	
1718	VK_156702374	
1719	VK_157085282	
1720	VK_157317684	
1721	VK_157419671	
1722	VK_157656695	
1723	VK_158026358	
1724	VK_158188756	
1725	VK_158755141	
1726	VK_159118207	
1727	VK_159367700	
1728	VK_160645377	
1729	VK_160731765	
1730	VK_161004445	
1731	VK_161216229	
1732	VK_162181317	
1733	VK_164317334	
1734	VK_164702504	
1735	VK_168145351	
1736	VK_169048480	
1737	VK_171476249	
1738	VK_171504416	
1739	VK_172765012	
1740	VK_173474081	
1741	VK_174916314	
1742	VK_174965846	
1743	VK_175127806	
1744	VK_176460120	
1745	VK_178440517	
1746	VK_178579447	
1747	VK_180680295	
1748	VK_180849181	
1749	VK_181935215	
1750	VK_183177106	
1751	VK_184108642	
1752	VK_185077210	
1753	VK_191476986	
1754	VK_191575495	
1755	VK_193317205	
1756	VK_194042531	
1757	VK_195029839	
1758	VK_198705247	
1759	VK_207125406	
1760	VK_208258795	
1761	VK_211139111	
1762	VK_211977521	
1763	VK_216900137	
1764	VK_216909904	
1765	VK_217175819	
1766	VK_218538688	
1767	VK_219715949	
1768	VK_221396451	
1769	VK_222268755	
1770	VK_223119826	
1771	VK_223375650	
1772	VK_224492030	
1773	VK_225731108	
1774	VK_225840444	
1775	VK_226665083	
1776	VK_227743752	
1777	VK_229721705	
1778	VK_231499808	
1779	VK_233545668	
1780	VK_234106812	
1781	VK_239643548	
1782	VK_239898617	
1783	VK_241257239	
1784	VK_241627708	
1785	VK_242609243	
1786	VK_244660516	
1787	VK_247651364	
1788	VK_248760578	
1789	VK_249126747	
1790	VK_253608450	
1791	VK_256146175	
1792	VK_257664640	
1793	VK_263098965	
1794	VK_265605856	
1795	VK_267303086	
1796	VK_269131834	
1797	VK_270315114	
1798	VK_275186982	
1799	VK_278124903	
1800	VK_279611801	
1801	VK_279649628	
1802	VK_282635828	
1803	VK_293437192	
1804	VK_297647067	
1805	VK_309712018	
1806	VK_309907314	
1807	VK_318200501	
1808	VK_318257428	
1809	VK_319266898	
1810	VK_319591803	
1811	VK_324374633	
1812	VK_326779584	
1813	VK_344405249	
1814	VK_345381657	
1815	VK_345876129	
1816	VK_348060309	
1817	VK_353211996	
1818	VK_362978352	
1819	VK_364796075	
1820	VK_370570464	
1821	VK_371707442	
1822	VK_375694688	
1823	VK_378738722	
1824	VK_386475811	
1825	VK_409433988	
1826	VK_410362832	
1827	VK_436470203	
1828	VK_449300950	
1829	VK_472567792	
1830	VK_512604981	
1831	VK_7650961	
1832	VK_11334676	
1833	VK_14779899	
1834	VK_15711375	
1835	VK_19176604	
1836	VK_19887432	
1837	VK_22497138	
1838	VK_24064032	
1839	VK_25653114	
1840	VK_27981712	
1841	VK_28306861	
1842	VK_29311085	
1843	VK_29563394	
1844	VK_31567954	
1845	VK_34232729	
1846	VK_34460577	
1847	VK_53659952	
1848	VK_56459340	
1849	VK_58491896	
1850	VK_65637248	
1851	VK_75040032	
1852	VK_97215582	
1853	VK_116331081	
1854	VK_120041512	
1855	VK_120287084	
1856	VK_122588849	
1857	VK_140546427	
1858	VK_143394050	
1859	VK_143769808	
1860	VK_146278741	
1861	VK_146522270	
1862	VK_159070567	
1863	VK_176778970	
1864	VK_178908792	
1865	VK_198134395	
1866	VK_198817631	
1867	VK_215088668	
1868	VK_226300954	
1869	VK_229261705	
1870	VK_240987928	
1871	VK_249685757	
1872	VK_259166514	
1873	VK_294810257	
1874	VK_306347540	
1875	VK_314720704	
1876	VK_316916982	
1877	VK_322260240	
1878	VK_327206037	
1879	VK_560613139	
1880	VK_561027942	
1881	VK_562021677	
1882	VK_49134	
1883	VK_199121	
1884	VK_577718	
1885	VK_885702	
1886	VK_1841150	
1887	VK_1857709	
1888	VK_1967508	
1889	VK_1995151	
1890	VK_2161961	
1891	VK_2330403	
1892	VK_2647476	
1893	VK_2766052	
1894	VK_3103333	
1895	VK_3222974	
1896	VK_3588585	
1897	VK_3600690	
1898	VK_3799021	
1899	VK_4101380	
1900	VK_4109073	
1901	VK_4440710	
1902	VK_4553793	
1903	VK_4751613	
1904	VK_5144371	
1905	VK_5192075	
1906	VK_5422335	
1907	VK_5667658	
1908	VK_5927756	
1909	VK_5960546	
1910	VK_5971113	
1911	VK_6157194	
1912	VK_6170817	
1913	VK_6220729	
1914	VK_6257233	
1915	VK_6287312	
1916	VK_6742639	
1917	VK_7106654	
1918	VK_7151752	
1919	VK_7494942	
1920	VK_7499924	
1921	VK_7559435	
1922	VK_7783842	
1923	VK_7895432	
1924	VK_7929310	
1925	VK_7963536	
1926	VK_7966279	
1927	VK_8039865	
1928	VK_8175880	
1929	VK_8399442	
1930	VK_9172730	
1931	VK_9362368	
1932	VK_9375667	
1933	VK_9504696	
1934	VK_9531432	
1935	VK_9615746	
1936	VK_9634211	
1937	VK_9760177	
1938	VK_9815708	
1939	VK_9923530	
1940	VK_10322229	
1941	VK_10601241	
1942	VK_11222250	
1943	VK_11435922	
1944	VK_11636131	
1945	VK_11838648	
1946	VK_11890049	
1947	VK_12069029	
1948	VK_12285421	
1949	VK_12526923	
1950	VK_13066258	
1951	VK_13312012	
1952	VK_13586061	
1953	VK_13712008	
1954	VK_14135252	
1955	VK_14412909	
1956	VK_15409614	
1957	VK_15816942	
1958	VK_16013322	
1959	VK_16929560	
1960	VK_16968660	
1961	VK_17049186	
1962	VK_17140314	
1963	VK_17626672	
1964	VK_17796211	
1965	VK_18080501	
1966	VK_18093843	
1967	VK_18153563	
1968	VK_18157703	
1969	VK_18260607	
1970	VK_18941227	
1971	VK_19549155	
1972	VK_19605505	
1973	VK_19634727	
1974	VK_19641561	
1975	VK_19708482	
1976	VK_20327338	
1977	VK_20351164	
1978	VK_20652707	
1979	VK_20950625	
1980	VK_21347690	
1981	VK_21845118	
1982	VK_22118602	
1983	VK_22158474	
1984	VK_22611243	
1985	VK_22777586	
1986	VK_23309704	
1987	VK_23387514	
1988	VK_23418217	
1989	VK_23428796	
1990	VK_23606136	
1991	VK_24976037	
1992	VK_26039713	
1993	VK_26451665	
1994	VK_26841943	
1995	VK_27156130	
1996	VK_27260544	
1997	VK_27309078	
1998	VK_27562227	
1999	VK_28415428	
2000	VK_28537096	
2001	VK_28721761	
2002	VK_28747630	
2003	VK_28882826	
2004	VK_29381515	
2005	VK_29458434	
2006	VK_29844404	
2007	VK_29894834	
2008	VK_30071641	
2009	VK_30077686	
2010	VK_30237588	
2011	VK_30478288	
2012	VK_30731214	
2013	VK_31128087	
2014	VK_31945436	
2015	VK_32043794	
2016	VK_33823959	
2017	VK_35146433	
2018	VK_37388718	
2019	VK_38014373	
2020	VK_38375753	
2021	VK_38471507	
2022	VK_40037555	
2023	VK_41875224	
2024	VK_42965592	
2025	VK_43445424	
2026	VK_43472315	
2027	VK_43701905	
2028	VK_44610845	
2029	VK_46903451	
2030	VK_48147917	
2031	VK_48540050	
2032	VK_49123017	
2033	VK_49887074	
2034	VK_50077388	
2035	VK_50436072	
2036	VK_50536260	
2037	VK_51167189	
2038	VK_51437644	
2039	VK_51767786	
2040	VK_52026925	
2041	VK_52536129	
2042	VK_54077236	
2043	VK_55864674	
2044	VK_57058293	
2045	VK_57373789	
2046	VK_58275604	
2047	VK_59368062	
2048	VK_60122943	
2049	VK_63664211	
2050	VK_65358870	
2051	VK_66585103	
2052	VK_67875627	
2053	VK_68016820	
2054	VK_68792118	
2055	VK_76340514	
2056	VK_76783294	
2057	VK_79381824	
2058	VK_80508783	
2059	VK_81559695	
2060	VK_82961683	
2061	VK_83341225	
2062	VK_84709272	
2063	VK_86869569	
2064	VK_88413567	
2065	VK_89659283	
2066	VK_90844904	
2067	VK_91101376	
2068	VK_91671282	
2069	VK_94198675	
2070	VK_94244355	
2071	VK_95058218	
2072	VK_97349350	
2073	VK_97546105	
2074	VK_98251408	
2075	VK_98675795	
2076	VK_99841584	
2077	VK_101856712	
2078	VK_102660126	
2079	VK_103036514	
2080	VK_104719918	
2081	VK_106699475	
2082	VK_107890129	
2083	VK_108225767	
2084	VK_111271880	
2085	VK_112891858	
2086	VK_114519768	
2087	VK_126245186	
2088	VK_133607251	
2089	VK_134157194	
2090	VK_134549422	
2091	VK_135921268	
2092	VK_136818767	
2093	VK_138591781	
2094	VK_140936376	
2095	VK_143649567	
2096	VK_145045758	
2097	VK_146080323	
2098	VK_151758899	
2099	VK_152417647	
2100	VK_153257081	
2101	VK_153570583	
2102	VK_167894159	
2103	VK_172671506	
2104	VK_172890483	
2105	VK_173817444	
2106	VK_174255125	
2107	VK_175185468	
2108	VK_177294492	
2109	VK_179149512	
2110	VK_179742825	
2111	VK_183439822	
2112	VK_185471212	
2113	VK_186253025	
2114	VK_188166726	
2115	VK_189330094	
2116	VK_189493079	
2117	VK_190685217	
2118	VK_194827963	
2119	VK_194955379	
2120	VK_197586859	
2121	VK_198125438	
2122	VK_199007779	
2123	VK_199700615	
2124	VK_203517050	
2125	VK_203545075	
2126	VK_209118368	
2127	VK_216332967	
2128	VK_216403414	
2129	VK_218587497	
2130	VK_222168386	
2131	VK_226770635	
2132	VK_235399079	
2133	VK_242124122	
2134	VK_245329529	
2135	VK_248846855	
2136	VK_249196416	
2137	VK_253130710	
2138	VK_282803362	
2139	VK_287280817	
2140	VK_298859252	
2141	VK_314563692	
2142	VK_323732396	
2143	VK_324552877	
2144	VK_474589966	
2145	VK_491093814	
2146	VK_570841591	
2147	VK_30231	
2148	VK_49333	
2149	VK_315033	
2150	VK_751802	
2151	VK_3648537	
2152	VK_4492330	
2153	VK_5264603	
2154	VK_5265045	
2155	VK_5561799	
2156	VK_6746130	
2157	VK_7749758	
2158	VK_8648110	
2159	VK_10230923	
2160	VK_11966789	
2161	VK_12164942	
2162	VK_12831777	
2163	VK_13566477	
2164	VK_16012182	
2165	VK_18374679	
2166	VK_18408387	
2167	VK_18628906	
2168	VK_19823699	
2169	VK_20581747	
2170	VK_21419722	
2171	VK_24185330	
2172	VK_24832217	
2173	VK_24925759	
2174	VK_25712983	
2175	VK_26928058	
2176	VK_29671994	
2177	VK_30152908	
2178	VK_31739702	
2179	VK_31948740	
2180	VK_32596727	
2181	VK_35063770	
2182	VK_37006711	
2183	VK_38037020	
2184	VK_38421214	
2185	VK_39561788	
2186	VK_40386252	
2187	VK_41144022	
2188	VK_41668377	
2189	VK_41775423	
2190	VK_43364618	
2191	VK_45163576	
2192	VK_45985288	
2193	VK_48229913	
2194	VK_49408309	
2195	VK_49789009	
2196	VK_51676258	
2197	VK_51948375	
2198	VK_53777712	
2199	VK_54276529	
2200	VK_54847181	
2201	VK_55679211	
2202	VK_56028319	
2203	VK_56157339	
2204	VK_56375575	
2205	VK_61544334	
2206	VK_62143994	
2207	VK_63934372	
2208	VK_66036589	
2209	VK_66673357	
2210	VK_70531239	
2211	VK_71511285	
2212	VK_72072686	
2213	VK_81939924	
2214	VK_83531771	
2215	VK_84839827	
2216	VK_86369659	
2217	VK_87956207	
2218	VK_88064408	
2219	VK_89305046	
2220	VK_89855064	
2221	VK_90064898	
2222	VK_90142430	
2223	VK_95846973	
2224	VK_96945824	
2225	VK_98710601	
2226	VK_101778451	
2227	VK_106678755	
2228	VK_107917838	
2229	VK_108587050	
2230	VK_108612257	
2231	VK_109359610	
2232	VK_118188698	
2233	VK_123944076	
2234	VK_125345672	
2235	VK_129325453	
2236	VK_135878466	
2237	VK_136236052	
2238	VK_137858561	
2239	VK_137967243	
2240	VK_138843406	
2241	VK_141815755	
2242	VK_144532533	
2243	VK_144687743	
2244	VK_145183826	
2245	VK_145389320	
2246	VK_147716426	
2247	VK_152380694	
2248	VK_152858221	
2249	VK_153415439	
2250	VK_153739974	
2251	VK_154911213	
2252	VK_159435584	
2253	VK_162169749	
2254	VK_166875654	
2255	VK_167191223	
2256	VK_167542148	
2257	VK_167749006	
2258	VK_177404346	
2259	VK_188819300	
2260	VK_191244932	
2261	VK_193890885	
2262	VK_194520210	
2263	VK_197094411	
2264	VK_201098421	
2265	VK_214100294	
2266	VK_223164465	
2267	VK_224605347	
2268	VK_258199328	
2269	VK_258657544	
2270	VK_270762343	
2271	VK_271436925	
2272	VK_272996920	
2273	VK_275967399	
2274	VK_276917955	
2275	VK_277725320	
2276	VK_286448527	
2277	VK_290811207	
2278	VK_298962661	
2279	VK_310317034	
2280	VK_313576559	
2281	VK_320788650	
2282	VK_321573395	
2283	VK_322314828	
2284	VK_334326297	
2285	VK_342373485	
2286	VK_380691022	
2287	VK_388897405	
2288	VK_414850620	
2289	VK_426143250	
2290	VK_462097066	
2291	VK_508410006	
2292	VK_511798514	
2293	VK_514952438	
2294	VK_523388049	
2295	VK_533994556	
2296	VK_571923230	
2297	VK_778023	
2298	VK_969404	
2299	VK_4412124	
2300	VK_4450060	
2301	VK_4551195	
2302	VK_4689111	
2303	VK_5245370	
2304	VK_5473941	
2305	VK_5726806	
2306	VK_6584573	
2307	VK_6598373	
2308	VK_7278548	
2309	VK_9131986	
2310	VK_9237488	
2311	VK_10173795	
2312	VK_11283135	
2313	VK_12724499	
2314	VK_13004727	
2315	VK_13679662	
2316	VK_13798190	
2317	VK_14315951	
2318	VK_14388089	
2319	VK_15289597	
2320	VK_15561480	
2321	VK_15838449	
2322	VK_17014051	
2323	VK_17704203	
2324	VK_19172866	
2325	VK_21210869	
2326	VK_21282919	
2327	VK_21373934	
2328	VK_22604330	
2329	VK_22937438	
2330	VK_23019285	
2331	VK_23092822	
2332	VK_23121365	
2333	VK_23229433	
2334	VK_23314486	
2335	VK_23796679	
2336	VK_24415593	
2337	VK_25529237	
2338	VK_25532703	
2339	VK_25793467	
2340	VK_26327999	
2341	VK_27173694	
2342	VK_27335274	
2343	VK_28622570	
2344	VK_29319680	
2345	VK_31210204	
2346	VK_31227046	
2347	VK_31742563	
2348	VK_31991225	
2349	VK_32033570	
2350	VK_33007400	
2351	VK_33734210	
2352	VK_33971991	
2353	VK_34382581	
2354	VK_34566837	
2355	VK_34734078	
2356	VK_34835164	
2357	VK_35802376	
2358	VK_36019377	
2359	VK_36332709	
2360	VK_36348877	
2361	VK_36728715	
2362	VK_37252012	
2363	VK_37353957	
2364	VK_37453077	
2365	VK_37598577	
2366	VK_37631033	
2367	VK_39665356	
2368	VK_39675440	
2369	VK_39908463	
2370	VK_41354255	
2371	VK_41682519	
2372	VK_41810481	
2373	VK_42161400	
2374	VK_42937287	
2375	VK_43245299	
2376	VK_44615969	
2377	VK_45590710	
2378	VK_45991735	
2379	VK_48521011	
2380	VK_48686366	
2381	VK_49019956	
2382	VK_49554728	
2383	VK_49836881	
2384	VK_50229907	
2385	VK_50295406	
2386	VK_50411737	
2387	VK_50676546	
2388	VK_50973596	
2389	VK_51758083	
2390	VK_52894672	
2391	VK_53683783	
2392	VK_54949350	
2393	VK_55625351	
2394	VK_56434768	
2395	VK_57011047	
2396	VK_57610953	
2397	VK_59056259	
2398	VK_59059227	
2399	VK_59161847	
2400	VK_59895438	
2401	VK_60203412	
2402	VK_60285679	
2403	VK_61034795	
2404	VK_61455035	
2405	VK_61758963	
2406	VK_61801585	
2407	VK_63509320	
2408	VK_63538982	
2409	VK_63713988	
2410	VK_63756715	
2411	VK_64337884	
2412	VK_64496892	
2413	VK_66240392	
2414	VK_66346551	
2415	VK_66591753	
2416	VK_67447601	
2417	VK_67497554	
2418	VK_67588049	
2419	VK_69032908	
2420	VK_69194420	
2421	VK_72635784	
2422	VK_72769201	
2423	VK_73346166	
2424	VK_74173109	
2425	VK_74643734	
2426	VK_75584842	
2427	VK_75665290	
2428	VK_76018414	
2429	VK_79133823	
2430	VK_80272437	
2431	VK_80307389	
2432	VK_82336059	
2433	VK_82537445	
2434	VK_83310864	
2435	VK_83426195	
2436	VK_83634736	
2437	VK_83991037	
2438	VK_85690966	
2439	VK_85974788	
2440	VK_86585419	
2441	VK_90203624	
2442	VK_91165822	
2443	VK_91775529	
2444	VK_92102535	
2445	VK_92420566	
2446	VK_93064957	
2447	VK_93555526	
2448	VK_95462694	
2449	VK_95860782	
2450	VK_96054688	
2451	VK_96502914	
2452	VK_97061794	
2453	VK_97351649	
2454	VK_97561390	
2455	VK_97586376	
2456	VK_97765778	
2457	VK_98006268	
2458	VK_98201094	
2459	VK_98207871	
2460	VK_99385052	
2461	VK_99599568	
2462	VK_100367661	
2463	VK_101760727	
2464	VK_102038177	
2465	VK_102313996	
2466	VK_103092066	
2467	VK_103433860	
2468	VK_105635982	
2469	VK_106101530	
2470	VK_107202344	
2471	VK_107442540	
2472	VK_108898522	
2473	VK_113740887	
2474	VK_115001535	
2475	VK_116924180	
2476	VK_118277097	
2477	VK_119212856	
2478	VK_119474923	
2479	VK_119983751	
2480	VK_120226585	
2481	VK_122544725	
2482	VK_122814815	
2483	VK_123957763	
2484	VK_126399373	
2485	VK_126407175	
2486	VK_129012099	
2487	VK_129382379	
2488	VK_129933246	
2489	VK_130652044	
2490	VK_132361628	
2491	VK_132923013	
2492	VK_133870794	
2493	VK_134080101	
2494	VK_134700653	
2495	VK_135349376	
2496	VK_136287450	
2497	VK_136295338	
2498	VK_136569943	
2499	VK_137202711	
2500	VK_137693954	
2501	VK_137925521	
2502	VK_138013747	
2503	VK_138219225	
2504	VK_138315795	
2505	VK_138380888	
2506	VK_138530440	
2507	VK_139443839	
2508	VK_139617996	
2509	VK_140663610	
2510	VK_140758800	
2511	VK_142400670	
2512	VK_143125291	
2513	VK_145594882	
2514	VK_145691720	
2515	VK_147894818	
2516	VK_149093580	
2517	VK_150552327	
2518	VK_151251854	
2519	VK_152013142	
2520	VK_152395514	
2521	VK_152419016	
2522	VK_153369823	
2523	VK_153395573	
2524	VK_153462252	
2525	VK_155340974	
2526	VK_155778578	
2527	VK_156136777	
2528	VK_156651548	
2529	VK_157482829	
2530	VK_159876607	
2531	VK_160466912	
2532	VK_161510062	
2533	VK_162150578	
2534	VK_164708464	
2535	VK_166383326	
2536	VK_166793941	
2537	VK_168707963	
2538	VK_169977130	
2539	VK_171168477	
2540	VK_171904158	
2541	VK_172260894	
2542	VK_172666829	
2543	VK_173838704	
2544	VK_174050430	
2545	VK_176339650	
2546	VK_181218081	
2547	VK_183421010	
2548	VK_186209632	
2549	VK_186642580	
2550	VK_188646944	
2551	VK_190425233	
2552	VK_192136436	
2553	VK_194710997	
2554	VK_197204827	
2555	VK_199459329	
2556	VK_201563541	
2557	VK_205070023	
2558	VK_206582267	
2559	VK_208159344	
2560	VK_211783109	
2561	VK_216848853	
2562	VK_220936639	
2563	VK_221864387	
2564	VK_226821332	
2565	VK_227392339	
2566	VK_230991769	
2567	VK_231679486	
2568	VK_232074467	
2569	VK_235585681	
2570	VK_238572078	
2571	VK_239666591	
2572	VK_239925717	
2573	VK_242878770	
2574	VK_243191871	
2575	VK_243371159	
2576	VK_246242266	
2577	VK_247395537	
2578	VK_249183773	
2579	VK_253883106	
2580	VK_254143834	
2581	VK_257135671	
2582	VK_257473708	
2583	VK_260447584	
2584	VK_261584269	
2585	VK_261701916	
2586	VK_263374842	
2587	VK_266199060	
2588	VK_266789156	
2589	VK_267518216	
2590	VK_268735227	
2591	VK_271168121	
2592	VK_277177155	
2593	VK_279449448	
2594	VK_284357853	
2595	VK_287403191	
2596	VK_287720329	
2597	VK_292791902	
2598	VK_293789016	
2599	VK_297607787	
2600	VK_301715498	
2601	VK_303329448	
2602	VK_305870961	
2603	VK_312376286	
2604	VK_314655295	
2605	VK_316073949	
2606	VK_317136849	
2607	VK_317368490	
2608	VK_318311300	
2609	VK_319249893	
2610	VK_320516879	
2611	VK_320678317	
2612	VK_321020840	
2613	VK_327969945	
2614	VK_332602178	
2615	VK_334286047	
2616	VK_338522010	
2617	VK_339965971	
2618	VK_343999672	
2619	VK_344346246	
2620	VK_347883567	
2621	VK_350009663	
2622	VK_350679587	
2623	VK_353999031	
2624	VK_367064967	
2625	VK_367671009	
2626	VK_368566282	
2627	VK_368772062	
2628	VK_379551863	
2629	VK_383578985	
2630	VK_384919014	
2631	VK_400425600	
2632	VK_412364193	
2633	VK_414285762	
2634	VK_417587248	
2635	VK_421744949	
2636	VK_426004195	
2637	VK_441911586	
2638	VK_444121187	
2639	VK_445709831	
2640	VK_458383894	
2641	VK_473187510	
2642	VK_473823816	
2643	VK_481717783	
2644	VK_503398640	
2645	VK_515308489	
2646	VK_515692755	
2647	VK_571763982	
2648	VK_35978	
2649	VK_95953	
2650	VK_1698707	
2651	VK_1776464	
2652	VK_1788380	
2653	VK_1897727	
2654	VK_2236800	
2655	VK_3010786	
2656	VK_3062761	
2657	VK_3173240	
2658	VK_3324465	
2659	VK_3361480	
2660	VK_3478739	
2661	VK_3996457	
2662	VK_4379752	
2663	VK_4397000	
2664	VK_5334702	
2665	VK_5354950	
2666	VK_7567145	
2667	VK_8417781	
2668	VK_9371548	
2669	VK_9867554	
2670	VK_10347894	
2671	VK_10552009	
2672	VK_11604089	
2673	VK_12175491	
2674	VK_12195770	
2675	VK_12709666	
2676	VK_12734324	
2677	VK_13837324	
2678	VK_13886681	
2679	VK_17125007	
2680	VK_17269073	
2681	VK_17524560	
2682	VK_19084093	
2683	VK_20438992	
2684	VK_21537068	
2685	VK_21796320	
2686	VK_22055692	
2687	VK_22076601	
2688	VK_22144171	
2689	VK_22926790	
2690	VK_23921450	
2691	VK_24634643	
2692	VK_26123322	
2693	VK_26925857	
2694	VK_27625722	
2695	VK_27727139	
2696	VK_28926905	
2697	VK_29940678	
2698	VK_30561593	
2699	VK_30808773	
2700	VK_31609798	
2701	VK_32096436	
2702	VK_33844326	
2703	VK_34305070	
2704	VK_36542123	
2705	VK_37251085	
2706	VK_38140431	
2707	VK_39039559	
2708	VK_42660866	
2709	VK_44040694	
2710	VK_45251311	
2711	VK_46083033	
2712	VK_46183946	
2713	VK_49624548	
2714	VK_49831901	
2715	VK_51670862	
2716	VK_52533262	
2717	VK_52714984	
2718	VK_53850714	
2719	VK_56056020	
2720	VK_56092929	
2721	VK_56487859	
2722	VK_57774773	
2723	VK_58948932	
2724	VK_60305092	
2725	VK_61356755	
2726	VK_63015690	
2727	VK_63617724	
2728	VK_63639834	
2729	VK_63851906	
2730	VK_64303615	
2731	VK_64374901	
2732	VK_66259742	
2733	VK_66475695	
2734	VK_67914442	
2735	VK_76490967	
2736	VK_80320037	
2737	VK_81139144	
2738	VK_81729205	
2739	VK_82316741	
2740	VK_83866633	
2741	VK_86902724	
2742	VK_88632877	
2743	VK_91992466	
2744	VK_95787184	
2745	VK_96140615	
2746	VK_100674372	
2747	VK_102469702	
2748	VK_106230730	
2749	VK_112585424	
2750	VK_120249736	
2751	VK_123864196	
2752	VK_124768614	
2753	VK_127851298	
2754	VK_132048551	
2755	VK_134794016	
2756	VK_135984292	
2757	VK_139658475	
2758	VK_139884629	
2759	VK_140635525	
2760	VK_142870777	
2761	VK_145353270	
2762	VK_147244319	
2763	VK_148967174	
2764	VK_150499627	
2765	VK_153229508	
2766	VK_153247333	
2767	VK_153390460	
2768	VK_156390474	
2769	VK_156394517	
2770	VK_170100287	
2771	VK_175550882	
2772	VK_177761214	
2773	VK_180683818	
2774	VK_183899724	
2775	VK_187312103	
2776	VK_193439017	
2777	VK_194615751	
2778	VK_195266835	
2779	VK_203148807	
2780	VK_210734039	
2781	VK_221911646	
2782	VK_233297630	
2783	VK_234464255	
2784	VK_234637478	
2785	VK_236504299	
2786	VK_263044340	
2787	VK_278981166	
2788	VK_317021504	
2789	VK_317860770	
2790	VK_324184932	
2791	VK_385039870	
2792	VK_506600654	
2793	VK_509048177	
